nombre,apellido,producto,sub_producto,numero_prestamo,saldo,tasa
JOHNNY,KAUFMAN,PTMO VIVIENDA,PRIMERA VIVIENDA,61025100,192179.06,5.0
LUCAS,PETERS,PTMO AUTO,FLOTA COMERCIAL,296228126,470.44,13.0
ANDREW,SCOTT,PTMO AUTO,AUTO SUV,334171247,7339.07,8.0
KAITLYN,PORTER,PTMO PERSONAL,PTMO PERSONAL,664164391,98511.67,13.0
JEREMY,MOORE,PTMO VIVIENDA,VIVIENDA PREFERENCIAL,371399019,219628.5,3.34
CHRISTOPHER,WEBSTER,PTMO AUTO,AUTO SEDAN,377757355,11779.6,8.0
TANYA,ANDERSON,PTMO PERSONAL,PTMO PERSONAL,942266911,130887.8,13.0
TONI,BURNS,PTMO AUTO,FLOTA COMERCIAL,778960966,1070.92,13.0
JULIE,DIXON,PTMO AUTO,AUTO SEDAN,792723215,5013.54,7.0
CRAIG,SANTOS,PTMO AUTO,FLOTA COMERCIAL,245758676,2358.88,12.0
RODNEY,BARNES,PTMO AUTO,FLOTA COMERCIAL,684691544,10253.65,11.0
LORI,WILLIAMS,PTMO VIVIENDA,PRIMERA VIVIENDA,318098790,364037.3,4.0
STEPHEN,PERRY,PTMO PERSONAL,PTMO PERSONAL,753787821,75953.02,9.0
TANNER,HUNTER,PTMO VIVIENDA,PRIMERA VIVIENDA,876657140,239281.04,4.0
ROBERT,DAUGHERTY,PTMO VIVIENDA,VIVIENDA PREFERENCIAL,186897892,142240.52,3.91
MATTHEW,ELLIS,PTMO PERSONAL,PTMO PERSONAL,662315675,46847.49,9.0
JEFFREY,RILEY,PTMO AUTO,AUTO 4X4,648351391,14251.62,8.0
TONYA,OBRIEN,PTMO AUTO,FLOTA COMERCIAL,710107575,8365.3,11.0
KEITH,LI,PTMO AUTO,AUTO SUV,419886225,11805.19,9.0
MARVIN,GAINES,PTMO PERSONAL,PTMO PERSONAL,284078509,30672.21,11.0
BRITTANY,ROBINSON,PTMO PERSONAL,PTMO PERSONAL,558879199,35056.56,10.0
RACHEL,SCHNEIDER,PTMO PERSONAL,PTMO PERSONAL,281365850,15673.02,12.0
KEITH,HALL,PTMO PERSONAL,PTMO PERSONAL,182414963,91227.78,15.0
MICHELLE,THOMAS,PTMO VIVIENDA,CASA DE PLAYA,331969399,299218.94,7.0
REBECCA,GONZALES,PTMO PERSONAL,PTMO PERSONAL,885628928,49660.8,10.0
SUSAN,GONZALEZ,PTMO AUTO,AUTO SUV,824270151,6874.6,7.0
THOMAS,MARTIN,PTMO AUTO,FLOTA COMERCIAL,853785104,16295.53,10.0
SHARON,SMITH,PTMO AUTO,AUTO SEDAN,290219017,2985.79,9.0
AARON,JOYCE,PTMO VIVIENDA,PRIMERA VIVIENDA,901860328,193222.6,4.0
KATHERINE,SILVA,PTMO AUTO,AUTO SEDAN,366331999,4125.72,9.0
CARLA,MILLER,PTMO AUTO,AUTO 4X4,458257370,9262.1,10.0
VICKIE,JOHNSON,PTMO VIVIENDA,CASA DE PLAYA,893355236,218694.43,7.0
SHARON,ALLEN,PTMO PERSONAL,PTMO PERSONAL,601969095,67814.98,10.0
BRANDON,JOHNSON,PTMO VIVIENDA,PRIMERA VIVIENDA,872250447,334094.37,4.0
PATRICK,BAKER,PTMO AUTO,AUTO 4X4,787951697,9261.83,9.0
BENJAMIN,WALKER,PTMO PERSONAL,PTMO PERSONAL,406798029,50442.22,9.0
LISA,GIBSON,PTMO VIVIENDA,CASA DE PLAYA,170792338,280489.3,9.0
DAVID,BAKER,PTMO VIVIENDA,PRIMERA VIVIENDA,682863300,129666.43,4.0
MATTHEW,WATKINS,PTMO PERSONAL,PTMO PERSONAL,336889393,74110.35,12.0
DEBRA,SILVA,PTMO PERSONAL,PTMO PERSONAL,507925292,21925.5,13.0
WILLIAM,TRAN,PTMO PERSONAL,PTMO PERSONAL,293784008,64914.4,15.0
LAUREN,HALL,PTMO VIVIENDA,CASA DE PLAYA,181685939,52948.46,9.0
ANDREW,WHITE,PTMO AUTO,AUTO SEDAN,299666391,8390.56,7.0
EDWARD,VILLEGAS,PTMO VIVIENDA,VIVIENDA PREFERENCIAL,788148189,434049.11,3.39
DOUGLAS,JUAREZ,PTMO VIVIENDA,VIVIENDA PREFERENCIAL,933146456,163826.13,4.0
DONNA,GARZA,PTMO VIVIENDA,CASA DE PLAYA,949950841,302013.31,9.0
PATRICIA,REILLY,PTMO PERSONAL,PTMO PERSONAL,598210368,34328.35,10.0
COURTNEY,BUTLER,PTMO AUTO,FLOTA COMERCIAL,272795926,4030.85,10.0
JOHN,CARROLL,PTMO AUTO,AUTO SUV,666338418,14868.57,8.0
TIFFANY,MCBRIDE,PTMO AUTO,AUTO SEDAN,450620813,11269.66,8.0
LUIS,GAINES,PTMO PERSONAL,PTMO PERSONAL,352600034,11283.68,9.0
KAYLA,HESS,PTMO AUTO,AUTO SEDAN,794143451,8757.48,7.0
BRENDA,DIAZ,PTMO VIVIENDA,CASA DE PLAYA,51888398,330476.4,7.0
JOCELYN,COOK,PTMO VIVIENDA,PRIMERA VIVIENDA,831287145,459837.99,5.0
MICHAEL,MARTINEZ,PTMO PERSONAL,PTMO PERSONAL,807268936,56266.66,12.0
GABRIELLA,HAYS,PTMO AUTO,AUTO SEDAN,680745211,10848.24,9.0
LAURA,SMITH,PTMO PERSONAL,PTMO PERSONAL,454685388,66912.27,14.0
CAITLYN,MARTINEZ,PTMO PERSONAL,PTMO PERSONAL,763630082,118259.24,11.0
CYNTHIA,KENNEDY,PTMO PERSONAL,PTMO PERSONAL,367411763,63888.35,13.0
WENDY,STEVENSON,PTMO PERSONAL,PTMO PERSONAL,914630289,74342.82,10.0
HEATHER,ARNOLD,PTMO VIVIENDA,PRIMERA VIVIENDA,478750163,295934.2,6.0
SHANNON,MILLER,PTMO PERSONAL,PTMO PERSONAL,126571977,46062.46,12.0
CANDACE,SMITH,PTMO PERSONAL,PTMO PERSONAL,224741797,73190.67,14.0
JOHN,BUSH,PTMO VIVIENDA,PRIMERA VIVIENDA,737869513,287336.97,5.0
SEAN,LOWE,PTMO VIVIENDA,PRIMERA VIVIENDA,258947907,243068.68,5.0
ASHLEY,OWENS,PTMO AUTO,AUTO 4X4,551509572,2289.01,9.0
TIMOTHY,BOOKER,PTMO PERSONAL,PTMO PERSONAL,84717653,92721.03,15.0
ROBERT,DAVIS,PTMO VIVIENDA,CASA DE PLAYA,669825090,100341.27,8.0
TIMOTHY,CRAIG,PTMO AUTO,AUTO 4X4,180196273,9009.43,8.0
BRIAN,FISHER,PTMO VIVIENDA,VIVIENDA PREFERENCIAL,931486495,243600.8,3.55
CHELSEA,HUDSON,PTMO AUTO,AUTO 4X4,725632928,8819.04,10.0
LATOYA,WIGGINS,PTMO AUTO,FLOTA COMERCIAL,946309671,6048.11,11.0
KENNETH,ROBINSON,PTMO PERSONAL,PTMO PERSONAL,259202689,3610.08,14.0
GLENDA,PARKER,PTMO VIVIENDA,VIVIENDA PREFERENCIAL,805580745,328349.98,2.93
REBECCA,COLLINS,PTMO PERSONAL,PTMO PERSONAL,706684819,31606.81,10.0
SARAH,WRIGHT,PTMO VIVIENDA,VIVIENDA PREFERENCIAL,45418177,328662.64,5.47
NATALIE,AGUILAR,PTMO PERSONAL,PTMO PERSONAL,531969744,130518.49,15.0
JACQUELINE,PEREZ,PTMO PERSONAL,PTMO PERSONAL,665060329,86465.45,13.0
DAWN,BURCH,PTMO PERSONAL,PTMO PERSONAL,727186429,85456.54,12.0
NICOLE,JACKSON,PTMO AUTO,AUTO SEDAN,629194042,10491.56,7.0
MATTHEW,WALKER,PTMO AUTO,AUTO SUV,775635199,5745.27,9.0
ANDREW,ZIMMERMAN,PTMO VIVIENDA,CASA DE PLAYA,679026548,194771.15,7.0
MICHAEL,WERNER,PTMO VIVIENDA,PRIMERA VIVIENDA,720183498,537150.44,4.0
GEORGE,NGUYEN,PTMO VIVIENDA,PRIMERA VIVIENDA,109433418,658027.99,4.0
JOSHUA,WANG,PTMO PERSONAL,PTMO PERSONAL,935999068,36291.78,11.0
NICOLE,JOHNSON,PTMO VIVIENDA,CASA DE PLAYA,434094701,243125.04,8.0
JANET,CRUZ,PTMO AUTO,AUTO SUV,359376203,12270.51,8.0
CHRISTOPHER,SIMMONS,PTMO VIVIENDA,CASA DE PLAYA,5777101,240147.89,7.0
SAMANTHA,GOODWIN,PTMO AUTO,FLOTA COMERCIAL,99414820,8769.51,9.0
ANDREA,JOHNSON,PTMO VIVIENDA,VIVIENDA PREFERENCIAL,230424648,212446.83,4.23
DAWN,JACKSON,PTMO PERSONAL,PTMO PERSONAL,644262775,78561.46,12.0
RUBEN,CONNER,PTMO PERSONAL,PTMO PERSONAL,422765617,109999.79,14.0
BRYAN,MASON,PTMO AUTO,FLOTA COMERCIAL,407865014,5983.04,12.0
ARTHUR,HENDERSON,PTMO PERSONAL,PTMO PERSONAL,768386075,57953.88,9.0
STEPHANIE,ALLISON,PTMO VIVIENDA,CASA DE PLAYA,730408549,19294.52,8.0
RACHEL,WILLIAMS,PTMO VIVIENDA,PRIMERA VIVIENDA,875731936,509110.66,5.0
ASHLEY,MUNOZ,PTMO VIVIENDA,PRIMERA VIVIENDA,629130899,341472.66,4.0
BRITTANY,RAYMOND,PTMO AUTO,AUTO SEDAN,933503742,2339.58,9.0
CORY,HARDY,PTMO VIVIENDA,VIVIENDA PREFERENCIAL,599042807,476788.79,2.79
APRIL,CAMPBELL,PTMO VIVIENDA,CASA DE PLAYA,889271379,236962.69,8.0
PAULA,CARPENTER,PTMO PERSONAL,PTMO PERSONAL,650225151,19386.73,13.0
JASON,AGUILAR,PTMO PERSONAL,PTMO PERSONAL,484189999,143763.91,14.0
ANDREA,JORDAN,PTMO AUTO,AUTO SUV,207026972,17161.01,9.0
STEPHEN,BANKS,PTMO AUTO,AUTO SUV,443225434,1051.04,9.0
NICHOLAS,YODER,PTMO PERSONAL,PTMO PERSONAL,866647617,80462.93,10.0
LATASHA,GEORGE,PTMO AUTO,AUTO 4X4,951637552,4273.41,8.0
PAMELA,STOUT,PTMO PERSONAL,PTMO PERSONAL,605416400,24257.85,15.0
AMANDA,ANDERSON,PTMO PERSONAL,PTMO PERSONAL,670612568,100121.42,12.0
TERRI,JONES,PTMO VIVIENDA,CASA DE PLAYA,180339198,419804.54,8.0
ELIZABETH,CHURCH,PTMO AUTO,AUTO SUV,599373021,14622.44,8.0
BRENT,JONES,PTMO AUTO,AUTO 4X4,31472430,3204.39,10.0
JULIAN,TURNER,PTMO AUTO,AUTO 4X4,987727580,5250.46,11.0
LAURIE,CAMPBELL,PTMO AUTO,AUTO SEDAN,382249794,4389.91,9.0
CHRISTINE,ORR,PTMO AUTO,FLOTA COMERCIAL,463517035,9368.53,9.0
RONALD,SMITH,PTMO AUTO,AUTO SEDAN,247577858,3222.61,9.0
MATTHEW,HOWELL,PTMO PERSONAL,PTMO PERSONAL,92071887,13757.21,13.0
ANGELA,RANDOLPH,PTMO PERSONAL,PTMO PERSONAL,758830625,141768.99,14.0
ANDREW,SIMMONS,PTMO VIVIENDA,VIVIENDA PREFERENCIAL,298281022,398726.81,5.23
KATHLEEN,CABRERA,PTMO VIVIENDA,PRIMERA VIVIENDA,611739469,483180.19,5.0
BRIAN,MARTINEZ,PTMO AUTO,FLOTA COMERCIAL,367074453,1104.72,10.0
RANDALL,GIBBS,PTMO AUTO,AUTO 4X4,82659812,1355.36,8.0
LAUREN,AYALA,PTMO PERSONAL,PTMO PERSONAL,420901122,80832.54,11.0
PATTY,PARRISH,PTMO AUTO,FLOTA COMERCIAL,993191026,1330.76,9.0
BRIAN,ORTIZ,PTMO AUTO,AUTO 4X4,89092043,4834.87,10.0
JUSTIN,HENSON,PTMO AUTO,AUTO SEDAN,494791728,3043.77,7.0
SCOTT,ROSS,PTMO AUTO,FLOTA COMERCIAL,46442123,5014.79,14.0
JESSICA,HUBBARD,PTMO AUTO,FLOTA COMERCIAL,26267858,5525.07,11.0
VERONICA,WILSON,PTMO PERSONAL,PTMO PERSONAL,570884402,48642.14,10.0
JAMES,GARCIA,PTMO VIVIENDA,VIVIENDA PREFERENCIAL,211872997,398993.8,5.11
KRISTINA,SAWYER,PTMO PERSONAL,PTMO PERSONAL,171600250,72599.05,9.0
MONIQUE,RODRIGUEZ,PTMO AUTO,FLOTA COMERCIAL,437063655,3763.02,13.0
MARY,HAYNES,PTMO AUTO,AUTO 4X4,362422262,12065.39,11.0
ANGELA,STEWART,PTMO PERSONAL,PTMO PERSONAL,351253914,58042.71,9.0
SALLY,LEE,PTMO AUTO,AUTO SEDAN,631426841,3974.9,7.0
JEREMY,VELAZQUEZ,PTMO PERSONAL,PTMO PERSONAL,118130899,73342.1,12.0
PATRICIA,CORDOVA,PTMO AUTO,AUTO SUV,619017779,14564.12,8.0
CARRIE,COMPTON,PTMO VIVIENDA,CASA DE PLAYA,473879468,226393.98,10.0
LISA,TAYLOR,PTMO VIVIENDA,PRIMERA VIVIENDA,972799923,451387.49,5.0
THOMAS,CHAMBERS,PTMO VIVIENDA,PRIMERA VIVIENDA,163152241,162520.56,4.0
TONYA,PRICE,PTMO AUTO,FLOTA COMERCIAL,789941046,8129.82,12.0
DANNY,JOHNSON,PTMO VIVIENDA,PRIMERA VIVIENDA,488470817,403202.38,5.0
DONNA,SANDERS,PTMO AUTO,AUTO SEDAN,759697889,1564.61,9.0
JONATHAN,JONES,PTMO VIVIENDA,CASA DE PLAYA,485251390,159789.32,10.0
LEONARD,CRAWFORD,PTMO PERSONAL,PTMO PERSONAL,538011681,74927.66,13.0
AMANDA,PALMER,PTMO AUTO,AUTO SEDAN,207647452,3769.14,8.0
MARTIN,LOWE,PTMO PERSONAL,PTMO PERSONAL,337139177,9992.0,13.0
NICHOLAS,GARCIA,PTMO VIVIENDA,PRIMERA VIVIENDA,842152681,771936.24,6.0
MELISSA,THOMPSON,PTMO VIVIENDA,VIVIENDA PREFERENCIAL,729372536,553852.29,2.66
ANTHONY,GARCIA,PTMO VIVIENDA,PRIMERA VIVIENDA,343847262,294004.06,5.0
BRADLEY,STEPHENS,PTMO PERSONAL,PTMO PERSONAL,405648984,76909.11,11.0
KURT,MEYERS,PTMO PERSONAL,PTMO PERSONAL,927767699,95089.44,13.0
LISA,HERNANDEZ,PTMO PERSONAL,PTMO PERSONAL,802711820,27462.88,10.0
MICHAEL,WALKER,PTMO VIVIENDA,CASA DE PLAYA,610549157,388323.48,10.0
RACHEL,HUDSON,PTMO VIVIENDA,VIVIENDA PREFERENCIAL,564790079,193618.55,4.96
ELIZABETH,WRIGHT,PTMO VIVIENDA,VIVIENDA PREFERENCIAL,180575006,307929.77,4.8
BETH,BOWMAN,PTMO PERSONAL,PTMO PERSONAL,317694333,80055.49,14.0
WILLIAM,BROWN,PTMO VIVIENDA,VIVIENDA PREFERENCIAL,407713157,76002.23,2.84
ANDREW,SNYDER,PTMO PERSONAL,PTMO PERSONAL,652601674,39704.87,11.0
AMANDA,DAVIS,PTMO PERSONAL,PTMO PERSONAL,174594578,43337.08,15.0
RAYMOND,MCCARTHY,PTMO PERSONAL,PTMO PERSONAL,998583738,81767.09,13.0
CALEB,ORTIZ,PTMO PERSONAL,PTMO PERSONAL,628510540,85193.32,15.0
JEFFREY,WHITE,PTMO AUTO,AUTO SEDAN,388307706,4400.34,7.0
KEVIN,MILLER,PTMO VIVIENDA,VIVIENDA PREFERENCIAL,282541312,122808.57,3.06
CALVIN,KAUFMAN,PTMO AUTO,FLOTA COMERCIAL,97055022,8264.19,12.0
HOLLY,WARREN,PTMO VIVIENDA,CASA DE PLAYA,310389560,240739.78,9.0
JEFFREY,CARR,PTMO VIVIENDA,CASA DE PLAYA,283995792,19311.82,10.0
JENNIFER,RILEY,PTMO VIVIENDA,PRIMERA VIVIENDA,611394238,436052.19,4.0
DEBRA,COPELAND,PTMO VIVIENDA,CASA DE PLAYA,606664401,330344.53,9.0
TONY,WELCH,PTMO AUTO,FLOTA COMERCIAL,554032424,18029.83,11.0
JASON,ELLISON,PTMO VIVIENDA,CASA DE PLAYA,470120184,350791.41,10.0
CHERYL,MARTIN,PTMO PERSONAL,PTMO PERSONAL,883411418,83952.52,11.0
RANDALL,HALL,PTMO VIVIENDA,CASA DE PLAYA,978521499,270765.41,8.0
CAROL,WRIGHT,PTMO PERSONAL,PTMO PERSONAL,37523351,40499.96,12.0
JUSTIN,DOUGLAS,PTMO VIVIENDA,CASA DE PLAYA,857982564,12603.51,9.0
JESSICA,NUNEZ,PTMO AUTO,AUTO SUV,889349898,11055.65,7.0
LISA,LEE,PTMO VIVIENDA,PRIMERA VIVIENDA,813098519,52411.26,5.0
TIMOTHY,WALKER,PTMO VIVIENDA,VIVIENDA PREFERENCIAL,921486667,83340.15,3.45
GREGORY,HOLT,PTMO AUTO,FLOTA COMERCIAL,797343112,18660.55,13.0
JESSICA,BROWN,PTMO PERSONAL,PTMO PERSONAL,474830267,7171.19,9.0
HEATHER,MEYERS,PTMO VIVIENDA,VIVIENDA PREFERENCIAL,413917264,384504.47,5.61
MICHELLE,WILLIAMS,PTMO PERSONAL,PTMO PERSONAL,811490628,22130.56,9.0
HOLLY,MOORE,PTMO VIVIENDA,VIVIENDA PREFERENCIAL,245525071,164076.04,4.46
JILL,BENSON,PTMO AUTO,FLOTA COMERCIAL,857888041,12335.73,12.0
BARBARA,GRANT,PTMO AUTO,AUTO SUV,378681190,9026.11,8.0
VICTORIA,MARQUEZ,PTMO PERSONAL,PTMO PERSONAL,875539901,46556.51,10.0
KRISTEN,KELLY,PTMO AUTO,FLOTA COMERCIAL,353793834,8224.41,13.0
DAVID,SANTOS,PTMO VIVIENDA,CASA DE PLAYA,170959439,525229.4,7.0
JENNIFER,SALINAS,PTMO PERSONAL,PTMO PERSONAL,7525508,29447.88,13.0
AMANDA,SWANSON,PTMO PERSONAL,PTMO PERSONAL,471117569,17945.59,13.0
GREGORY,SNYDER,PTMO AUTO,AUTO 4X4,611344621,13123.38,11.0
CYNTHIA,LIVINGSTON,PTMO AUTO,AUTO SEDAN,677128870,9556.77,7.0
MELISSA,SIMON,PTMO AUTO,FLOTA COMERCIAL,879932052,1894.08,10.0
ALEXIS,BRANCH,PTMO PERSONAL,PTMO PERSONAL,509685505,76375.01,15.0
JOSHUA,NGUYEN,PTMO VIVIENDA,CASA DE PLAYA,613394394,179624.25,10.0
TRACI,COLLINS,PTMO PERSONAL,PTMO PERSONAL,478996607,3905.72,15.0
JESSICA,FISHER,PTMO AUTO,AUTO 4X4,181035663,5189.35,11.0
TONY,YORK,PTMO PERSONAL,PTMO PERSONAL,410565855,89270.59,11.0
NICHOLAS,CLARK,PTMO PERSONAL,PTMO PERSONAL,47355414,40984.13,15.0
TIMOTHY,RODRIGUEZ,PTMO PERSONAL,PTMO PERSONAL,690547996,75556.53,10.0
BILLY,BOWMAN,PTMO VIVIENDA,PRIMERA VIVIENDA,553756495,443215.73,4.0
SETH,KELLY,PTMO AUTO,AUTO 4X4,898077650,5245.06,11.0
MICHAEL,DENNIS,PTMO PERSONAL,PTMO PERSONAL,365590243,28670.53,14.0
THOMAS,STEVENS,PTMO VIVIENDA,PRIMERA VIVIENDA,979073692,413159.37,6.0
SARAH,LYONS,PTMO VIVIENDA,VIVIENDA PREFERENCIAL,248338738,526124.85,3.93
RALPH,HUBBARD,PTMO VIVIENDA,VIVIENDA PREFERENCIAL,622434363,213368.45,2.86
JOSHUA,TRAN,PTMO VIVIENDA,CASA DE PLAYA,540479870,302043.9,8.0
CHRISTOPHER,BANKS,PTMO AUTO,AUTO 4X4,534743447,11755.35,12.0
KEVIN,NELSON,PTMO VIVIENDA,CASA DE PLAYA,763977910,415113.45,8.0
TONYA,WISE,PTMO VIVIENDA,VIVIENDA PREFERENCIAL,524129911,384736.09,4.45
RYAN,BURNS,PTMO VIVIENDA,VIVIENDA PREFERENCIAL,298810932,138450.32,5.2
KAREN,UNDERWOOD,PTMO VIVIENDA,CASA DE PLAYA,655881710,322042.67,9.0
SARAH,FRANCIS,PTMO AUTO,FLOTA COMERCIAL,318586263,8301.24,12.0
JONATHON,ESTRADA,PTMO AUTO,AUTO SUV,897244948,6560.7,7.0
MONICA,DANIEL,PTMO AUTO,AUTO SUV,374133767,3251.35,8.0
ROBERT,CASTILLO,PTMO PERSONAL,PTMO PERSONAL,545271522,77728.83,11.0
NICOLE,WASHINGTON,PTMO VIVIENDA,VIVIENDA PREFERENCIAL,797143465,237918.81,5.16
CHRISTOPHER,BROWN,PTMO PERSONAL,PTMO PERSONAL,438897293,72357.7,13.0
MARY,CERVANTES,PTMO AUTO,FLOTA COMERCIAL,253286037,3317.71,10.0
RYAN,JONES,PTMO PERSONAL,PTMO PERSONAL,362741664,10410.64,11.0
TYLER,CARDENAS,PTMO AUTO,AUTO SEDAN,296629111,4372.38,8.0
CATHERINE,SANDERS,PTMO PERSONAL,PTMO PERSONAL,740406218,61277.26,10.0
ANDREW,WEISS,PTMO PERSONAL,PTMO PERSONAL,707511743,134612.88,14.0
KYLE,LITTLE,PTMO VIVIENDA,PRIMERA VIVIENDA,796211185,237033.79,6.0
JAMIE,HARRIS,PTMO PERSONAL,PTMO PERSONAL,611232677,79272.35,12.0
JANICE,GRANT,PTMO AUTO,AUTO SUV,214631019,11231.15,7.0
SARAH,MARTINEZ,PTMO PERSONAL,PTMO PERSONAL,430209080,96380.73,14.0
ELLEN,TORRES,PTMO PERSONAL,PTMO PERSONAL,416692559,56362.14,11.0
JEFFREY,PADILLA,PTMO AUTO,AUTO SUV,400401782,11778.63,9.0
ANDREW,JOHNSON,PTMO PERSONAL,PTMO PERSONAL,575665152,86584.46,13.0
DENISE,CASTANEDA,PTMO PERSONAL,PTMO PERSONAL,345433292,10743.57,10.0
MICHEAL,ACOSTA,PTMO PERSONAL,PTMO PERSONAL,288330356,47804.86,15.0
RACHEL,CARTER,PTMO VIVIENDA,CASA DE PLAYA,314301572,120462.45,9.0
ALBERT,ROWLAND,PTMO AUTO,AUTO SUV,326119131,5000.46,8.0
ANNA,WILKINSON,PTMO PERSONAL,PTMO PERSONAL,856803692,76334.17,10.0
RITA,JONES,PTMO PERSONAL,PTMO PERSONAL,279382950,6780.65,12.0
JACOB,AGUILAR,PTMO AUTO,AUTO SUV,523678856,9407.14,9.0
ANTHONY,VAZQUEZ,PTMO VIVIENDA,VIVIENDA PREFERENCIAL,78122010,129041.98,3.57
DAVID,SALINAS,PTMO VIVIENDA,PRIMERA VIVIENDA,980997256,239362.2,5.0
STEPHEN,COLON,PTMO PERSONAL,PTMO PERSONAL,582560156,40173.98,13.0
DESTINY,NIELSEN,PTMO PERSONAL,PTMO PERSONAL,22155481,98900.02,10.0
KEVIN,CLARK,PTMO VIVIENDA,CASA DE PLAYA,509239184,169231.64,8.0
JO,WISE,PTMO PERSONAL,PTMO PERSONAL,372414280,69162.14,14.0
HOLLY,SCHAEFER,PTMO PERSONAL,PTMO PERSONAL,494855061,43338.27,10.0
COURTNEY,PERRY,PTMO PERSONAL,PTMO PERSONAL,434961196,21072.14,11.0
JOSEPH,SHELTON,PTMO PERSONAL,PTMO PERSONAL,713619735,9653.53,13.0
AARON,MEZA,PTMO PERSONAL,PTMO PERSONAL,378003491,51511.2,11.0
PAM,PAYNE,PTMO PERSONAL,PTMO PERSONAL,235590331,24911.08,11.0
JAMES,REEVES,PTMO AUTO,AUTO SEDAN,348412535,2364.96,8.0
KIARA,FISHER,PTMO AUTO,FLOTA COMERCIAL,51623931,9220.35,14.0
JULIE,PETERS,PTMO VIVIENDA,PRIMERA VIVIENDA,767589580,209042.4,4.0
ALEXANDRA,OLSON,PTMO VIVIENDA,CASA DE PLAYA,106306342,364260.64,8.0
JONATHAN,NUNEZ,PTMO VIVIENDA,VIVIENDA PREFERENCIAL,425142107,117333.01,5.03
SHERYL,WILLIAMS,PTMO AUTO,AUTO 4X4,164340608,6137.45,8.0
PHILLIP,BAILEY,PTMO AUTO,AUTO SEDAN,702197723,7950.45,8.0
KATELYN,WILLIAMS,PTMO AUTO,AUTO SEDAN,650896679,8245.92,7.0
ANTHONY,HOGAN,PTMO PERSONAL,PTMO PERSONAL,3246383,70617.99,13.0
RYAN,HUGHES,PTMO PERSONAL,PTMO PERSONAL,493637486,97193.13,10.0
KIRSTEN,CARTER,PTMO AUTO,AUTO 4X4,42592755,6527.86,9.0
LISA,CARRILLO,PTMO PERSONAL,PTMO PERSONAL,65133829,69082.53,14.0
TAMMY,JOHNSON,PTMO PERSONAL,PTMO PERSONAL,164976716,66627.2,14.0
MARCUS,CHAVEZ,PTMO PERSONAL,PTMO PERSONAL,445251019,31409.21,10.0
JONATHAN,COOK,PTMO PERSONAL,PTMO PERSONAL,574975234,100006.93,11.0
MATTHEW,EDWARDS,PTMO PERSONAL,PTMO PERSONAL,685140893,114094.8,14.0
ERICA,HAMMOND,PTMO AUTO,AUTO SEDAN,711020494,11229.48,9.0
JONATHAN,WILLIAMS,PTMO AUTO,AUTO 4X4,931822137,5781.21,11.0
MARY,PARKS,PTMO AUTO,AUTO 4X4,106929586,5359.87,10.0
STEPHANIE,VAUGHAN,PTMO VIVIENDA,CASA DE PLAYA,968097392,20694.66,9.0
ROBERT,CARTER,PTMO PERSONAL,PTMO PERSONAL,486993467,60086.29,13.0
BRIAN,MARTIN,PTMO VIVIENDA,VIVIENDA PREFERENCIAL,622960281,253729.79,5.15
CORY,PEARSON,PTMO PERSONAL,PTMO PERSONAL,798594081,94970.49,12.0
LINDA,NASH,PTMO PERSONAL,PTMO PERSONAL,347681299,139379.72,14.0
STEVEN,FREEMAN,PTMO PERSONAL,PTMO PERSONAL,681762611,64268.25,14.0
CAROL,PALMER,PTMO VIVIENDA,VIVIENDA PREFERENCIAL,46733661,23496.13,3.32
JOHN,MACDONALD,PTMO VIVIENDA,CASA DE PLAYA,329694396,232141.95,10.0
DIANA,HARRIS,PTMO VIVIENDA,VIVIENDA PREFERENCIAL,160403277,355158.81,3.52
JESSICA,MILLER,PTMO PERSONAL,PTMO PERSONAL,381572860,47114.3,12.0
ANGELA,RUSSO,PTMO PERSONAL,PTMO PERSONAL,203567140,113227.2,10.0
CHARLES,BECKER,PTMO PERSONAL,PTMO PERSONAL,103245045,47721.41,12.0
JENNIFER,PATEL,PTMO AUTO,AUTO SEDAN,793206547,10407.14,7.0
SHERI,ARNOLD,PTMO VIVIENDA,CASA DE PLAYA,401691710,459373.07,8.0
KRISTINA,HOLLAND,PTMO PERSONAL,PTMO PERSONAL,398777497,116417.28,15.0
KRISTEN,PEREZ,PTMO VIVIENDA,VIVIENDA PREFERENCIAL,786199585,374427.54,2.67
KYLE,AGUILAR,PTMO PERSONAL,PTMO PERSONAL,88390180,141573.43,12.0
ROBERT,RODRIGUEZ,PTMO AUTO,AUTO SEDAN,931311365,6281.72,7.0
DORIS,ROSARIO,PTMO VIVIENDA,PRIMERA VIVIENDA,144048082,292775.01,4.0
CODY,BENDER,PTMO VIVIENDA,PRIMERA VIVIENDA,65274763,312571.65,6.0
BRADLEY,STEELE,PTMO AUTO,AUTO 4X4,653637865,4435.39,11.0
KATELYN,AGUILAR,PTMO VIVIENDA,CASA DE PLAYA,741087641,527177.41,7.0
ERIN,ALEXANDER,PTMO VIVIENDA,VIVIENDA PREFERENCIAL,726714318,281933.18,3.13
KRISTEN,GILL,PTMO PERSONAL,PTMO PERSONAL,145166427,1825.9,13.0
AMANDA,RUSH,PTMO AUTO,AUTO SEDAN,678410989,538.34,8.0
KATHRYN,RAMIREZ,PTMO PERSONAL,PTMO PERSONAL,510696001,35501.13,9.0
SUSAN,ADKINS,PTMO VIVIENDA,VIVIENDA PREFERENCIAL,294367743,184284.77,4.88
RYAN,WRIGHT,PTMO AUTO,AUTO SEDAN,92692481,10032.98,8.0
MARGARET,TOWNSEND,PTMO PERSONAL,PTMO PERSONAL,392122001,44811.29,11.0
KAREN,MOORE,PTMO VIVIENDA,PRIMERA VIVIENDA,259149427,187192.11,4.0
ELIZABETH,WILLIAMS,PTMO AUTO,AUTO 4X4,5870725,14347.59,8.0
MATTHEW,HALL,PTMO AUTO,AUTO 4X4,357558991,11837.85,11.0
LORRAINE,ROSS,PTMO PERSONAL,PTMO PERSONAL,828642472,112203.25,10.0
GABRIEL,KRAUSE,PTMO PERSONAL,PTMO PERSONAL,251249200,24910.6,14.0
KENNETH,VELASQUEZ,PTMO AUTO,AUTO 4X4,701950137,7815.26,8.0
KARL,BECK,PTMO PERSONAL,PTMO PERSONAL,641031075,12486.24,12.0
JEFFERY,MEYER,PTMO PERSONAL,PTMO PERSONAL,526852339,83742.29,12.0
ANGELA,DAWSON,PTMO VIVIENDA,PRIMERA VIVIENDA,697849140,20426.34,5.0
MARY,COLEMAN,PTMO VIVIENDA,CASA DE PLAYA,706324876,152926.95,8.0
JESSE,LLOYD,PTMO AUTO,AUTO SEDAN,321262301,11473.27,8.0
GERALD,MCCANN,PTMO AUTO,AUTO SUV,851619121,8411.62,8.0
SCOTT,GARNER,PTMO AUTO,AUTO SUV,486879313,2501.95,8.0
ISABELLA,PIERCE,PTMO VIVIENDA,PRIMERA VIVIENDA,274293144,294116.64,4.0
HOWARD,BERNARD,PTMO AUTO,FLOTA COMERCIAL,824047537,7933.54,11.0
DONALD,GARZA,PTMO VIVIENDA,PRIMERA VIVIENDA,174326753,286028.63,6.0
SARAH,HICKS,PTMO PERSONAL,PTMO PERSONAL,343413678,51613.58,15.0
RACHEL,POTTER,PTMO VIVIENDA,PRIMERA VIVIENDA,90123649,167112.24,5.0
KIMBERLY,HENSLEY,PTMO PERSONAL,PTMO PERSONAL,369730532,72224.67,15.0
DEANNA,CARTER,PTMO PERSONAL,PTMO PERSONAL,421276326,18643.79,11.0
MICHAEL,BROWN,PTMO PERSONAL,PTMO PERSONAL,862677124,45849.82,10.0
LESLIE,HAMMOND,PTMO VIVIENDA,VIVIENDA PREFERENCIAL,306892000,27405.26,5.15
HARRY,BALDWIN,PTMO VIVIENDA,VIVIENDA PREFERENCIAL,878355375,27852.06,4.32
PENNY,MILLER,PTMO VIVIENDA,PRIMERA VIVIENDA,308475237,393802.34,4.0
DEBRA,SMITH,PTMO PERSONAL,PTMO PERSONAL,421911607,26674.42,14.0
MIRANDA,ROACH,PTMO PERSONAL,PTMO PERSONAL,635267212,16016.21,13.0
RYAN,SHORT,PTMO PERSONAL,PTMO PERSONAL,661645216,24408.47,12.0
RICHARD,AGUIRRE,PTMO AUTO,AUTO SUV,631235859,1135.59,8.0
JANICE,SULLIVAN,PTMO VIVIENDA,CASA DE PLAYA,460164136,75796.07,9.0
ERIC,PALMER,PTMO VIVIENDA,VIVIENDA PREFERENCIAL,671748510,314264.89,5.12
CRAIG,BARTON,PTMO VIVIENDA,VIVIENDA PREFERENCIAL,962443011,243414.94,3.55
MARK,BURKE,PTMO AUTO,AUTO 4X4,631484887,6123.94,11.0
ERNEST,MACDONALD,PTMO PERSONAL,PTMO PERSONAL,944020423,87045.11,14.0
ROBERT,SMITH,PTMO VIVIENDA,PRIMERA VIVIENDA,778016535,57266.01,5.0
MICHELLE,PETERSEN,PTMO PERSONAL,PTMO PERSONAL,560062196,44063.92,13.0
BRADLEY,LUNA,PTMO AUTO,FLOTA COMERCIAL,350254829,19737.48,11.0
YVONNE,BELL,PTMO AUTO,AUTO SEDAN,485523800,5228.22,9.0
STEVEN,RICHARDSON,PTMO VIVIENDA,PRIMERA VIVIENDA,826418011,335562.77,5.0
MICHAEL,HERRERA,PTMO AUTO,AUTO SUV,888540994,1153.68,9.0
JASON,RIVERA,PTMO AUTO,AUTO 4X4,631254469,3686.28,11.0
VALERIE,QUINN,PTMO AUTO,AUTO SUV,23148125,3862.38,9.0
MAUREEN,MONTGOMERY,PTMO AUTO,AUTO SEDAN,271290348,13548.73,8.0
THEODORE,SCOTT,PTMO PERSONAL,PTMO PERSONAL,662758447,57969.44,9.0
SARAH,POWERS,PTMO AUTO,AUTO 4X4,810293882,3153.09,10.0
MARGARET,TATE,PTMO AUTO,AUTO SUV,480296019,6868.72,9.0
BRIAN,WILSON,PTMO PERSONAL,PTMO PERSONAL,586838170,9783.74,14.0
ASHLEY,BROOKS,PTMO VIVIENDA,PRIMERA VIVIENDA,417336156,3580.07,6.0
LATASHA,TURNER,PTMO PERSONAL,PTMO PERSONAL,74696087,30402.97,14.0
ERIC,LYONS,PTMO VIVIENDA,PRIMERA VIVIENDA,435368146,305012.42,6.0
TIFFANY,PAYNE,PTMO AUTO,AUTO SEDAN,193041727,3133.8,8.0
STEPHANIE,STOKES,PTMO PERSONAL,PTMO PERSONAL,100708952,30708.54,11.0
MIRANDA,WILEY,PTMO AUTO,AUTO SEDAN,133203240,11757.59,9.0
SANDRA,EVERETT,PTMO AUTO,AUTO SUV,109958279,11002.84,9.0
ANNA,STEPHENSON,PTMO PERSONAL,PTMO PERSONAL,862219432,58241.73,12.0
ADAM,JONES,PTMO VIVIENDA,VIVIENDA PREFERENCIAL,411601970,182684.56,2.71
TARA,MATTHEWS,PTMO PERSONAL,PTMO PERSONAL,247044419,39714.61,12.0
GARY,KENNEDY,PTMO VIVIENDA,CASA DE PLAYA,374044106,202888.84,10.0
CRYSTAL,ANDRADE,PTMO AUTO,AUTO 4X4,820771014,2581.72,8.0
DAVID,KIM,PTMO AUTO,AUTO SEDAN,117415638,11886.16,8.0
NATHAN,AYERS,PTMO AUTO,AUTO SUV,796241259,5880.31,8.0
JACK,GUTIERREZ,PTMO VIVIENDA,PRIMERA VIVIENDA,490673916,345409.3,4.0
CODY,FLOYD,PTMO PERSONAL,PTMO PERSONAL,738122175,16635.19,11.0
SHANNON,FORD,PTMO AUTO,AUTO SEDAN,124929551,7874.07,8.0
JONATHON,WEBB,PTMO PERSONAL,PTMO PERSONAL,987958489,101794.3,14.0
JOHN,RHODES,PTMO AUTO,AUTO SUV,571311109,428.1,8.0
HEATHER,MCCOY,PTMO AUTO,AUTO SUV,799599895,10958.35,9.0
NANCY,RUSSELL,PTMO VIVIENDA,VIVIENDA PREFERENCIAL,936804659,53671.98,4.5
TAYLOR,RODRIGUEZ,PTMO AUTO,AUTO SEDAN,841060566,1277.99,8.0
SCOTT,CURTIS,PTMO PERSONAL,PTMO PERSONAL,101803970,53514.84,11.0
CINDY,COLE,PTMO AUTO,AUTO SUV,784835966,6879.69,8.0
JASON,HUNTER,PTMO VIVIENDA,VIVIENDA PREFERENCIAL,116607150,102711.19,5.35
STEVE,MILLER,PTMO VIVIENDA,VIVIENDA PREFERENCIAL,474264332,206751.57,2.88
NICHOLAS,CARSON,PTMO AUTO,AUTO 4X4,303910316,3447.05,8.0
MATTHEW,WALTERS,PTMO PERSONAL,PTMO PERSONAL,821313526,38160.44,15.0
DOMINIQUE,JOHNSON,PTMO PERSONAL,PTMO PERSONAL,860392710,47885.67,11.0
DANIEL,VALENCIA,PTMO PERSONAL,PTMO PERSONAL,881129792,39034.7,11.0
DAWN,HANSON,PTMO VIVIENDA,VIVIENDA PREFERENCIAL,334927803,35903.75,3.12
JOSHUA,KELLER,PTMO AUTO,AUTO 4X4,952344581,4014.02,8.0
ASHLEY,MORTON,PTMO AUTO,AUTO SEDAN,395316192,3529.94,9.0
TAYLOR,HAWKINS,PTMO PERSONAL,PTMO PERSONAL,261921440,8847.08,15.0
MICHAEL,HORN,PTMO AUTO,AUTO SEDAN,482269336,3655.36,9.0
JOHN,ZIMMERMAN,PTMO PERSONAL,PTMO PERSONAL,784731369,49863.05,9.0
ROBERT,DIAZ,PTMO VIVIENDA,PRIMERA VIVIENDA,678776782,262853.01,6.0
JENNIFER,JORDAN,PTMO AUTO,AUTO 4X4,825953549,5913.58,9.0
COLIN,SCOTT,PTMO AUTO,AUTO 4X4,316771295,9489.81,10.0
NICHOLAS,RIOS,PTMO AUTO,AUTO SEDAN,620650415,11731.52,8.0
PETER,DICKSON,PTMO PERSONAL,PTMO PERSONAL,472031080,96507.13,13.0
STEPHANIE,RIGGS,PTMO PERSONAL,PTMO PERSONAL,894113995,24302.5,10.0
CHRISTOPHER,SHANNON,PTMO PERSONAL,PTMO PERSONAL,84447539,41695.37,14.0
SHANE,JENKINS,PTMO VIVIENDA,CASA DE PLAYA,528493803,398815.16,9.0
PATRICIA,CLARK,PTMO AUTO,AUTO 4X4,495017486,12115.92,12.0
RACHEL,BROWN,PTMO AUTO,AUTO 4X4,782356256,9880.23,12.0
JACQUELINE,THOMPSON,PTMO PERSONAL,PTMO PERSONAL,632915675,81621.05,13.0
RHONDA,MURPHY,PTMO PERSONAL,PTMO PERSONAL,496023185,60139.27,13.0
CAROLINE,HAHN,PTMO AUTO,FLOTA COMERCIAL,135378582,1769.99,10.0
TIMOTHY,CLAY,PTMO PERSONAL,PTMO PERSONAL,616573980,14967.11,14.0
KEVIN,ADAMS,PTMO AUTO,AUTO SUV,167086398,14536.2,8.0
BRENDA,HILL,PTMO AUTO,FLOTA COMERCIAL,330222890,5308.84,12.0
SARAH,REED,PTMO VIVIENDA,PRIMERA VIVIENDA,247853386,126920.53,6.0
SAMUEL,MOORE,PTMO VIVIENDA,CASA DE PLAYA,808283637,523580.67,10.0
KRISTIN,RICHARDSON,PTMO VIVIENDA,PRIMERA VIVIENDA,953714653,56351.17,4.0
LAURA,CAREY,PTMO AUTO,FLOTA COMERCIAL,127802755,9472.45,11.0
JEREMIAH,RIVERA,PTMO VIVIENDA,VIVIENDA PREFERENCIAL,730628593,399368.31,3.99
ELIZABETH,GARCIA,PTMO AUTO,AUTO SUV,864871868,8712.75,9.0
CHRISTINE,JOHNSON,PTMO AUTO,FLOTA COMERCIAL,293514857,12490.17,15.0
KRISTINA,WELCH,PTMO PERSONAL,PTMO PERSONAL,798294542,67541.59,13.0
MELISSA,WILLIAMS,PTMO VIVIENDA,PRIMERA VIVIENDA,914668939,290608.24,4.0
ANDRE,PAUL,PTMO VIVIENDA,PRIMERA VIVIENDA,474407790,214263.93,4.0
WILLIAM,GARCIA,PTMO AUTO,AUTO SEDAN,750388718,5144.5,7.0
CHRISTOPHER,BLACKBURN,PTMO AUTO,FLOTA COMERCIAL,78594204,5829.87,9.0
SARAH,HARVEY,PTMO AUTO,AUTO SUV,215975336,9207.14,9.0
TIFFANY,WILLIAMS,PTMO PERSONAL,PTMO PERSONAL,696719803,60575.82,11.0
TIFFANY,CLARKE,PTMO VIVIENDA,PRIMERA VIVIENDA,428506275,551811.58,4.0
MICHAEL,GLENN,PTMO PERSONAL,PTMO PERSONAL,672720018,64709.44,11.0
DANIEL,TURNER,PTMO AUTO,AUTO SUV,448606409,14362.52,8.0
NICOLE,GREGORY,PTMO AUTO,FLOTA COMERCIAL,968542795,6320.86,11.0
ALICIA,BAILEY,PTMO VIVIENDA,CASA DE PLAYA,722635402,167427.29,9.0
MICHELLE,ROBERTS,PTMO AUTO,FLOTA COMERCIAL,951181459,5525.66,14.0
MARIA,LEE,PTMO AUTO,AUTO 4X4,817129476,2967.78,8.0
LAURA,ALEXANDER,PTMO PERSONAL,PTMO PERSONAL,527547778,29684.62,13.0
ALISHA,TUCKER,PTMO PERSONAL,PTMO PERSONAL,236821269,5536.91,14.0
TIFFANY,SMITH,PTMO PERSONAL,PTMO PERSONAL,783665345,77827.37,12.0
DIANE,MORGAN,PTMO AUTO,AUTO SEDAN,796595292,16568.39,9.0
JOSHUA,KELLY,PTMO PERSONAL,PTMO PERSONAL,385429894,4924.31,10.0
ERIC,WRIGHT,PTMO PERSONAL,PTMO PERSONAL,272296174,40278.4,15.0
NICHOLAS,WILSON,PTMO PERSONAL,PTMO PERSONAL,18447297,54699.73,14.0
AMANDA,ONEAL,PTMO AUTO,AUTO SEDAN,871175404,12807.47,7.0
TERESA,THOMAS,PTMO PERSONAL,PTMO PERSONAL,848923179,55986.75,9.0
CHAD,BROWN,PTMO PERSONAL,PTMO PERSONAL,391614613,80499.97,12.0
JENNIFER,MILLER,PTMO AUTO,FLOTA COMERCIAL,23362523,6412.07,9.0
PATRICIA,MILLER,PTMO AUTO,AUTO SUV,181997843,2577.98,7.0
SHANNON,RODRIGUEZ,PTMO PERSONAL,PTMO PERSONAL,717935474,47901.19,15.0
LORETTA,BLACK,PTMO AUTO,AUTO 4X4,253435193,8008.26,9.0
MICHAEL,SMITH,PTMO VIVIENDA,VIVIENDA PREFERENCIAL,873546618,174833.14,4.83
KELLY,ORTIZ,PTMO VIVIENDA,PRIMERA VIVIENDA,763017398,358957.05,4.0
PAIGE,COLEMAN,PTMO AUTO,FLOTA COMERCIAL,350177323,5771.4,14.0
KELLY,JONES,PTMO VIVIENDA,PRIMERA VIVIENDA,284018159,195850.97,6.0
KRISTEN,HERRERA,PTMO PERSONAL,PTMO PERSONAL,305445900,116563.22,9.0
KENNETH,STEELE,PTMO PERSONAL,PTMO PERSONAL,636856491,68999.07,13.0
HELEN,ALLEN,PTMO AUTO,AUTO SEDAN,420650276,6440.7,8.0
PEGGY,SMITH,PTMO PERSONAL,PTMO PERSONAL,310104228,73351.58,10.0
MICHAEL,MCCOY,PTMO AUTO,AUTO SEDAN,900898737,5843.49,8.0
TRACY,NEWMAN,PTMO VIVIENDA,PRIMERA VIVIENDA,356479672,373278.25,4.0
ALYSSA,HARRELL,PTMO VIVIENDA,CASA DE PLAYA,226713725,547534.06,9.0
STEPHANIE,WALKER,PTMO PERSONAL,PTMO PERSONAL,295589116,21087.8,15.0
CARMEN,SMITH,PTMO AUTO,AUTO 4X4,594000712,7955.52,10.0
ROBERT,IRWIN,PTMO PERSONAL,PTMO PERSONAL,708068424,152235.19,11.0
JAMES,JOHNSON,PTMO VIVIENDA,CASA DE PLAYA,81926577,315866.46,9.0
DAWN,ONEILL,PTMO PERSONAL,PTMO PERSONAL,150537149,22015.08,11.0
ROBERT,MENDOZA,PTMO PERSONAL,PTMO PERSONAL,820843645,25892.69,10.0
CYNTHIA,WARD,PTMO PERSONAL,PTMO PERSONAL,905810276,135959.4,11.0
BOBBY,SMITH,PTMO PERSONAL,PTMO PERSONAL,926605531,89881.43,13.0
KEVIN,CHAMBERS,PTMO VIVIENDA,PRIMERA VIVIENDA,479024465,200114.35,5.0
CINDY,BROWN,PTMO PERSONAL,PTMO PERSONAL,276086687,90606.26,13.0
GREGORY,BAILEY,PTMO AUTO,FLOTA COMERCIAL,807250535,16869.59,11.0
KEVIN,MORROW,PTMO PERSONAL,PTMO PERSONAL,894206346,64482.42,11.0
WILLIAM,SIMPSON,PTMO PERSONAL,PTMO PERSONAL,31659127,80466.16,10.0
JAMIE,GARRETT,PTMO VIVIENDA,PRIMERA VIVIENDA,579601659,103919.39,5.0
DESIREE,BELL,PTMO AUTO,FLOTA COMERCIAL,850341558,10003.24,12.0
CARRIE,RAY,PTMO PERSONAL,PTMO PERSONAL,605405969,24967.88,10.0
BETH,KENT,PTMO AUTO,FLOTA COMERCIAL,781074830,10316.99,13.0
REBEKAH,FIELDS,PTMO PERSONAL,PTMO PERSONAL,267452887,46360.55,10.0
CLAIRE,GORDON,PTMO AUTO,AUTO 4X4,872285667,1458.07,10.0
JAMES,COLEMAN,PTMO AUTO,AUTO SUV,559630961,4780.52,9.0
JUSTIN,ALLEN,PTMO AUTO,AUTO SUV,866891589,4062.99,7.0
DARLENE,ELLIS,PTMO PERSONAL,PTMO PERSONAL,232012663,8659.7,13.0
PAULA,MOORE,PTMO VIVIENDA,CASA DE PLAYA,724528982,122770.13,7.0
MARIA,JAMES,PTMO AUTO,AUTO 4X4,349537182,3638.32,11.0
KIM,POLLARD,PTMO AUTO,AUTO 4X4,68762006,5157.22,11.0
LESLIE,DOUGLAS,PTMO VIVIENDA,VIVIENDA PREFERENCIAL,122934191,227446.64,2.95
KENNETH,CHAMBERS,PTMO PERSONAL,PTMO PERSONAL,526078818,70950.05,13.0
GARY,NELSON,PTMO AUTO,AUTO 4X4,518824873,4697.42,8.0
BRANDON,HORTON,PTMO PERSONAL,PTMO PERSONAL,298588995,31407.4,11.0
ANDREW,JORDAN,PTMO VIVIENDA,VIVIENDA PREFERENCIAL,343653066,116402.45,4.39
HALEY,JOHNSON,PTMO VIVIENDA,CASA DE PLAYA,261487927,78278.08,9.0
BRIAN,SMITH,PTMO PERSONAL,PTMO PERSONAL,448870883,90364.73,12.0
TRACEY,BOYLE,PTMO AUTO,FLOTA COMERCIAL,644079386,8585.96,13.0
KAYLA,HOPKINS,PTMO AUTO,AUTO SUV,5499962,4974.43,8.0
RACHEL,SMITH,PTMO PERSONAL,PTMO PERSONAL,755081804,93832.36,15.0
NOAH,BROWN,PTMO PERSONAL,PTMO PERSONAL,16994192,31421.18,15.0
JACK,GONZALEZ,PTMO PERSONAL,PTMO PERSONAL,605847752,38537.23,13.0
ANDREW,STEVENS,PTMO AUTO,AUTO SEDAN,556332824,9424.39,8.0
AMANDA,HINES,PTMO VIVIENDA,PRIMERA VIVIENDA,862382629,542339.77,4.0
MICHELLE,LI,PTMO VIVIENDA,VIVIENDA PREFERENCIAL,447903139,22698.85,4.8
DEREK,REYES,PTMO VIVIENDA,PRIMERA VIVIENDA,83383997,166102.26,5.0
AMANDA,ELLIS,PTMO VIVIENDA,CASA DE PLAYA,532580511,397091.29,8.0
SOPHIA,ERICKSON,PTMO VIVIENDA,PRIMERA VIVIENDA,733925599,36921.49,4.0
MICHAEL,VELASQUEZ,PTMO AUTO,AUTO 4X4,35932487,2675.22,12.0
LARRY,BROWN,PTMO PERSONAL,PTMO PERSONAL,322239130,75229.47,14.0
JORGE,HOUSE,PTMO AUTO,AUTO SEDAN,347791099,4666.48,9.0
CODY,CHAVEZ,PTMO AUTO,AUTO 4X4,130154345,18569.21,12.0
WENDY,STEVENS,PTMO PERSONAL,PTMO PERSONAL,813273071,110623.08,11.0
ROBERT,TURNER,PTMO AUTO,AUTO SUV,188277912,3144.25,8.0
MACKENZIE,JOHNSON,PTMO PERSONAL,PTMO PERSONAL,295643072,33731.02,12.0
JENNIFER,MCCANN,PTMO AUTO,AUTO SUV,511957658,11280.38,8.0
JASON,WILSON,PTMO AUTO,AUTO SUV,234393866,12643.13,8.0
ERIKA,ORTIZ,PTMO AUTO,AUTO 4X4,598872818,5718.59,10.0
ADAM,COLEMAN,PTMO PERSONAL,PTMO PERSONAL,352899422,17252.19,9.0
LORI,BROCK,PTMO AUTO,AUTO SEDAN,23625620,12589.41,7.0
SCOTT,GARRETT,PTMO AUTO,AUTO SEDAN,914602263,8674.83,8.0
PAMELA,GRAVES,PTMO AUTO,FLOTA COMERCIAL,642442713,10158.67,12.0
CHRISTOPHER,STEWART,PTMO AUTO,AUTO SUV,94806533,8841.32,7.0
JEREMY,JOHNSTON,PTMO VIVIENDA,PRIMERA VIVIENDA,600134178,63110.19,6.0
MATTHEW,THOMAS,PTMO VIVIENDA,VIVIENDA PREFERENCIAL,279541224,116198.37,3.24
CRAIG,KENNEDY,PTMO VIVIENDA,VIVIENDA PREFERENCIAL,116137753,297162.49,2.79
YOLANDA,WOODARD,PTMO PERSONAL,PTMO PERSONAL,835836366,56795.21,12.0
ANTHONY,GUZMAN,PTMO AUTO,AUTO SUV,802302833,5737.97,8.0
JENNIFER,FLORES,PTMO PERSONAL,PTMO PERSONAL,197648377,42997.87,11.0
JAMES,HENRY,PTMO AUTO,AUTO 4X4,146389100,4145.09,9.0
ANDREW,BROWN,PTMO AUTO,FLOTA COMERCIAL,746440300,4516.77,10.0
ALLEN,JONES,PTMO PERSONAL,PTMO PERSONAL,510042935,43676.82,10.0
KELLY,SCHWARTZ,PTMO VIVIENDA,PRIMERA VIVIENDA,822196411,181557.92,4.0
LINDA,BURKE,PTMO AUTO,FLOTA COMERCIAL,162892113,10358.79,12.0
KRISTEN,HENRY,PTMO AUTO,FLOTA COMERCIAL,420967091,3662.23,14.0
OLIVIA,DUNCAN,PTMO VIVIENDA,VIVIENDA PREFERENCIAL,616645127,638165.47,4.45
ELIZABETH,HODGES,PTMO AUTO,AUTO SEDAN,873968935,2544.74,8.0
BRYAN,HARPER,PTMO PERSONAL,PTMO PERSONAL,989062097,76836.12,14.0
RITA,ATKINSON,PTMO AUTO,AUTO SEDAN,557655018,6383.52,8.0
JASMINE,MILLER,PTMO PERSONAL,PTMO PERSONAL,681985458,97962.73,12.0
JENNIFER,RUIZ,PTMO PERSONAL,PTMO PERSONAL,947482972,70519.16,14.0
ALEXIS,GUTIERREZ,PTMO PERSONAL,PTMO PERSONAL,822324167,19584.8,13.0
THOMAS,ROSS,PTMO PERSONAL,PTMO PERSONAL,277461644,76148.92,15.0
AMANDA,GATES,PTMO PERSONAL,PTMO PERSONAL,851089152,32616.46,12.0
JEFFREY,HARRIS,PTMO PERSONAL,PTMO PERSONAL,205021334,108267.08,11.0
TIMOTHY,CAMERON,PTMO PERSONAL,PTMO PERSONAL,6671459,108874.34,11.0
THOMAS,ROSS,PTMO PERSONAL,PTMO PERSONAL,57719057,71614.67,15.0
SUSAN,LUNA,PTMO AUTO,AUTO SEDAN,470289339,5370.68,8.0
SPENCER,BREWER,PTMO AUTO,FLOTA COMERCIAL,22666110,6842.21,11.0
LUIS,HANSEN,PTMO VIVIENDA,CASA DE PLAYA,612741148,217792.4,9.0
JASON,WILCOX,PTMO VIVIENDA,VIVIENDA PREFERENCIAL,255908420,314843.99,4.81
ASHLEY,MARTINEZ,PTMO VIVIENDA,CASA DE PLAYA,593389768,21043.1,9.0
BRIAN,ARIAS,PTMO VIVIENDA,PRIMERA VIVIENDA,146398655,179774.79,5.0
JEAN,MARTIN,PTMO VIVIENDA,PRIMERA VIVIENDA,325425115,319730.88,6.0
ANGELA,RODRIGUEZ,PTMO AUTO,FLOTA COMERCIAL,708340935,2231.14,10.0
KEITH,MEDINA,PTMO VIVIENDA,CASA DE PLAYA,694508039,148260.6,8.0
JACKIE,HICKS,PTMO AUTO,AUTO SEDAN,669537106,10404.1,7.0
SALLY,OLSEN,PTMO AUTO,FLOTA COMERCIAL,416255619,8179.55,13.0
COURTNEY,BRYAN,PTMO VIVIENDA,VIVIENDA PREFERENCIAL,561640294,164396.66,2.6
DAVID,GONZALEZ,PTMO AUTO,AUTO 4X4,668262302,6375.96,9.0
MICHAEL,BROWN,PTMO PERSONAL,PTMO PERSONAL,535001120,60786.83,12.0
KRISTIN,THOMPSON,PTMO AUTO,AUTO 4X4,616871445,5885.55,8.0
THOMAS,MOORE,PTMO PERSONAL,PTMO PERSONAL,125136798,56097.99,10.0
STEPHANIE,MORGAN,PTMO PERSONAL,PTMO PERSONAL,119655765,94379.24,13.0
AMANDA,WRIGHT,PTMO VIVIENDA,PRIMERA VIVIENDA,984382528,402264.41,4.0
MICHELLE,CLARK,PTMO PERSONAL,PTMO PERSONAL,969396384,91399.62,12.0
MATTHEW,WRIGHT,PTMO VIVIENDA,PRIMERA VIVIENDA,270663173,130133.67,5.0
MICHAEL,BAILEY,PTMO VIVIENDA,CASA DE PLAYA,26149483,190096.49,8.0
JENNIFER,HARRIS,PTMO AUTO,AUTO SEDAN,828494351,18104.92,8.0
SARAH,ADAMS,PTMO AUTO,FLOTA COMERCIAL,44153916,1258.61,15.0
NICHOLAS,STOUT,PTMO VIVIENDA,PRIMERA VIVIENDA,647782429,24799.15,4.0
KENNETH,SALAZAR,PTMO PERSONAL,PTMO PERSONAL,293345150,124300.96,13.0
ANITA,PHILLIPS,PTMO PERSONAL,PTMO PERSONAL,971252953,72391.77,10.0
KATIE,WILSON,PTMO AUTO,FLOTA COMERCIAL,390474164,8674.86,12.0
BARRY,LOPEZ,PTMO AUTO,FLOTA COMERCIAL,206822704,9320.9,14.0
JULIE,MARSHALL,PTMO PERSONAL,PTMO PERSONAL,353214161,10820.97,12.0
WALTER,RODRIGUEZ,PTMO VIVIENDA,VIVIENDA PREFERENCIAL,149940087,288397.99,4.51
SHANE,ZUNIGA,PTMO AUTO,AUTO 4X4,103310661,11192.85,12.0
MATTHEW,ESTRADA,PTMO PERSONAL,PTMO PERSONAL,6234632,43529.71,13.0
JOHN,LONG,PTMO VIVIENDA,PRIMERA VIVIENDA,882418034,261003.29,4.0
KIMBERLY,LEWIS,PTMO VIVIENDA,PRIMERA VIVIENDA,546587786,251708.41,5.0
EMILY,PARKER,PTMO AUTO,AUTO 4X4,22693820,7583.93,9.0
ERIKA,NICHOLS,PTMO AUTO,AUTO SEDAN,150768551,253.98,8.0
LINDSAY,MERRITT,PTMO VIVIENDA,VIVIENDA PREFERENCIAL,891938844,40548.82,2.78
ERIKA,CHASE,PTMO AUTO,AUTO 4X4,830724252,11892.11,10.0
DAVID,NELSON,PTMO AUTO,AUTO SUV,995707647,9258.13,8.0
BRIANNA,ORTIZ,PTMO VIVIENDA,VIVIENDA PREFERENCIAL,70649032,113100.38,3.14
TIMOTHY,JENKINS,PTMO PERSONAL,PTMO PERSONAL,947708120,43999.13,13.0
CHRISTOPHER,MYERS,PTMO AUTO,AUTO SUV,313942474,6345.23,8.0
JUSTIN,FORD,PTMO VIVIENDA,PRIMERA VIVIENDA,944131420,452313.02,6.0
KATIE,NGUYEN,PTMO VIVIENDA,PRIMERA VIVIENDA,57024456,177039.42,5.0
JODI,VALENTINE,PTMO VIVIENDA,PRIMERA VIVIENDA,720796045,290842.79,6.0
JESSICA,MCCARTHY,PTMO AUTO,AUTO SUV,314448106,6079.19,9.0
JILLIAN,ONEAL,PTMO AUTO,AUTO SUV,617454581,3146.11,8.0
STEPHANIE,PHAM,PTMO PERSONAL,PTMO PERSONAL,527165887,221036.19,11.0
KIMBERLY,LLOYD,PTMO AUTO,AUTO SUV,613567480,4900.15,9.0
JUSTIN,LIN,PTMO PERSONAL,PTMO PERSONAL,324152773,88211.93,11.0
TONYA,WHITEHEAD,PTMO VIVIENDA,CASA DE PLAYA,169710983,79886.47,7.0
KENNETH,DOYLE,PTMO AUTO,FLOTA COMERCIAL,742001336,7298.14,10.0
CARMEN,ALVAREZ,PTMO AUTO,AUTO SUV,799868094,3230.73,8.0
CHRISTOPHER,HICKS,PTMO VIVIENDA,CASA DE PLAYA,598966034,64122.14,9.0
COREY,ORTIZ,PTMO VIVIENDA,CASA DE PLAYA,378687421,122202.46,8.0
DAVID,COX,PTMO PERSONAL,PTMO PERSONAL,708852340,75026.42,14.0
CYNTHIA,WILLIS,PTMO PERSONAL,PTMO PERSONAL,953434147,81282.01,12.0
NORMA,HENRY,PTMO AUTO,FLOTA COMERCIAL,475521726,603.62,14.0
GARRETT,JOHNSON,PTMO AUTO,AUTO SUV,441521634,12505.79,8.0
HEATHER,MORROW,PTMO AUTO,AUTO SUV,170041392,2741.66,8.0
WILLIAM,WILLIAMS,PTMO AUTO,FLOTA COMERCIAL,109539285,10458.91,10.0
STEPHEN,CUNNINGHAM,PTMO AUTO,AUTO 4X4,586909890,8820.33,11.0
GABRIELLE,RODRIGUEZ,PTMO VIVIENDA,PRIMERA VIVIENDA,466429211,316698.65,5.0
JAMES,OCONNOR,PTMO AUTO,AUTO SUV,574886079,13055.72,8.0
JACOB,KELLEY,PTMO VIVIENDA,VIVIENDA PREFERENCIAL,921422154,638244.93,4.79
KIMBERLY,TERRY,PTMO AUTO,FLOTA COMERCIAL,928697859,9456.29,12.0
SARAH,ANDRADE,PTMO VIVIENDA,CASA DE PLAYA,247374216,101992.49,9.0
JENNIFER,GARCIA,PTMO PERSONAL,PTMO PERSONAL,525196257,117287.99,12.0
STACY,SHAW,PTMO PERSONAL,PTMO PERSONAL,56803347,151743.36,13.0
TIMOTHY,HENDERSON,PTMO PERSONAL,PTMO PERSONAL,193591103,73867.48,12.0
LINDSAY,JONES,PTMO VIVIENDA,CASA DE PLAYA,104267284,210171.65,9.0
CURTIS,STEPHENSON,PTMO VIVIENDA,CASA DE PLAYA,93555435,20644.17,9.0
SYDNEY,SMITH,PTMO VIVIENDA,PRIMERA VIVIENDA,638282088,171130.02,5.0
CHRISTOPHER,GALLEGOS,PTMO PERSONAL,PTMO PERSONAL,826514503,7428.86,13.0
SCOTT,MCDOWELL,PTMO AUTO,AUTO SUV,497516639,183.81,8.0
JONATHON,LOGAN,PTMO VIVIENDA,CASA DE PLAYA,256491323,69157.11,8.0
TONY,HALL,PTMO PERSONAL,PTMO PERSONAL,893244831,20800.98,15.0
DAWN,EATON,PTMO PERSONAL,PTMO PERSONAL,547677364,102483.15,10.0
IAN,NORTON,PTMO VIVIENDA,VIVIENDA PREFERENCIAL,446964699,369831.11,5.28
WILLIAM,FISCHER,PTMO VIVIENDA,CASA DE PLAYA,728250967,307961.46,9.0
MATTHEW,SANCHEZ,PTMO AUTO,AUTO 4X4,203774445,2374.85,10.0
BENJAMIN,SOLIS,PTMO PERSONAL,PTMO PERSONAL,176339995,65802.44,9.0
WILLIAM,BRADLEY,PTMO AUTO,AUTO SUV,798196872,4373.61,8.0
JAMES,MCKAY,PTMO AUTO,AUTO SEDAN,717598949,4995.39,7.0
WENDY,CAMPBELL,PTMO AUTO,AUTO 4X4,854008284,5232.3,9.0
PAUL,MCKNIGHT,PTMO VIVIENDA,PRIMERA VIVIENDA,833593635,156891.98,5.0
JOSHUA,BAKER,PTMO AUTO,FLOTA COMERCIAL,369628934,10935.22,12.0
KIMBERLY,BALDWIN,PTMO AUTO,FLOTA COMERCIAL,173595219,12019.41,14.0
MICHAEL,BRIGHT,PTMO VIVIENDA,VIVIENDA PREFERENCIAL,225644645,373.57,4.67
CHRISTOPHER,BAUTISTA,PTMO AUTO,AUTO 4X4,571044536,5671.64,10.0
THERESA,HUERTA,PTMO AUTO,AUTO SEDAN,78172432,13431.35,8.0
DEBORAH,SILVA,PTMO PERSONAL,PTMO PERSONAL,892246992,41965.58,12.0
AMBER,WARREN,PTMO VIVIENDA,PRIMERA VIVIENDA,523403675,288880.49,4.0
CRAIG,COPELAND,PTMO PERSONAL,PTMO PERSONAL,935764763,132290.9,11.0
KAITLYN,GONZALES,PTMO AUTO,FLOTA COMERCIAL,938105669,4575.39,12.0
DAVID,SMITH,PTMO VIVIENDA,VIVIENDA PREFERENCIAL,674010549,200645.27,3.52
THOMAS,BARNETT,PTMO VIVIENDA,PRIMERA VIVIENDA,150941488,34524.12,6.0
JOSEPH,BAUER,PTMO VIVIENDA,VIVIENDA PREFERENCIAL,745572499,440457.99,4.94
LUIS,ERICKSON,PTMO AUTO,AUTO 4X4,36837226,3241.09,11.0
DENISE,BOWERS,PTMO PERSONAL,PTMO PERSONAL,923590952,75331.26,11.0
TRISTAN,SCHNEIDER,PTMO PERSONAL,PTMO PERSONAL,77433944,56430.97,10.0
ANNA,JOHNSON,PTMO PERSONAL,PTMO PERSONAL,743944433,69500.08,13.0
KEVIN,HUBBARD,PTMO PERSONAL,PTMO PERSONAL,687550330,48983.1,14.0
MIGUEL,PETTY,PTMO VIVIENDA,CASA DE PLAYA,124625033,131558.75,10.0
SHERRI,WILEY,PTMO AUTO,FLOTA COMERCIAL,548661889,7145.13,12.0
CARMEN,WILLIAMS,PTMO VIVIENDA,VIVIENDA PREFERENCIAL,245589495,84453.04,4.3
STACY,WALLER,PTMO AUTO,AUTO SUV,952666037,13674.59,8.0
PATRICIA,SULLIVAN,PTMO PERSONAL,PTMO PERSONAL,531537088,50080.71,14.0
JOAN,MILLER,PTMO AUTO,AUTO 4X4,915078103,8202.22,10.0
DONNA,MASON,PTMO AUTO,AUTO SUV,969519786,4682.65,7.0
LAURA,NICHOLSON,PTMO AUTO,AUTO SUV,611190656,1851.11,7.0
MICHAEL,ROTH,PTMO AUTO,AUTO SUV,104597738,19263.12,8.0
SHELBY,HILL,PTMO PERSONAL,PTMO PERSONAL,870474092,8121.6,12.0
ANGELA,HICKMAN,PTMO VIVIENDA,CASA DE PLAYA,715589301,14125.69,7.0
ROBERT,PRUITT,PTMO VIVIENDA,CASA DE PLAYA,660356740,202060.58,9.0
TIMOTHY,BRANCH,PTMO AUTO,AUTO SUV,149487991,1625.25,9.0
CHRISTOPHER,MARTINEZ,PTMO AUTO,FLOTA COMERCIAL,36260896,9941.29,10.0
CHRISTINA,VILLANUEVA,PTMO PERSONAL,PTMO PERSONAL,946178727,59163.48,12.0
JAMES,BROWN,PTMO PERSONAL,PTMO PERSONAL,299729386,101045.17,10.0
MELANIE,MASSEY,PTMO AUTO,AUTO SUV,525160641,15313.05,8.0
MICHAEL,SCOTT,PTMO AUTO,AUTO 4X4,878085084,1079.79,11.0
CORY,OLIVER,PTMO AUTO,AUTO SEDAN,613847761,2041.8,7.0
KEVIN,CLAYTON,PTMO VIVIENDA,VIVIENDA PREFERENCIAL,752761090,313533.06,4.94
MICHAEL,CRUZ,PTMO PERSONAL,PTMO PERSONAL,352856739,108062.9,13.0
COLE,ROGERS,PTMO AUTO,AUTO 4X4,152550181,9282.09,11.0
JOSHUA,RIVERA,PTMO PERSONAL,PTMO PERSONAL,366762325,101411.91,9.0
CAITLIN,JOHNSON,PTMO PERSONAL,PTMO PERSONAL,874612629,142862.95,10.0
BRITTANY,ROBERTS,PTMO AUTO,AUTO SEDAN,259628604,3976.11,8.0
SHAWN,COMBS,PTMO VIVIENDA,VIVIENDA PREFERENCIAL,347592650,414753.35,5.29
ZACHARY,ROSS,PTMO PERSONAL,PTMO PERSONAL,787618473,437.4,12.0
JEAN,GARCIA,PTMO PERSONAL,PTMO PERSONAL,133262762,78755.37,12.0
NANCY,THOMPSON,PTMO AUTO,AUTO 4X4,888168395,12227.62,12.0
MICHAEL,BRADY,PTMO AUTO,AUTO SUV,793966980,3642.79,9.0
MARGARET,ELLIOTT,PTMO VIVIENDA,CASA DE PLAYA,289090171,117116.94,8.0
BRENDA,BROWN,PTMO AUTO,AUTO SEDAN,839584649,6203.14,8.0
KATHERINE,DYER,PTMO PERSONAL,PTMO PERSONAL,904328928,55396.14,15.0
CHRISTOPHER,WARREN,PTMO PERSONAL,PTMO PERSONAL,341681887,42793.1,12.0
JENNIFER,KRAUSE,PTMO AUTO,FLOTA COMERCIAL,13560279,6245.9,11.0
KEVIN,COLLIER,PTMO AUTO,AUTO SUV,940830028,9468.43,9.0
TODD,COLON,PTMO PERSONAL,PTMO PERSONAL,937307466,27414.99,13.0
JESSE,ADAMS,PTMO AUTO,FLOTA COMERCIAL,961752041,12588.71,13.0
BRADLEY,GLOVER,PTMO PERSONAL,PTMO PERSONAL,221057693,143745.45,11.0
CALVIN,MORA,PTMO PERSONAL,PTMO PERSONAL,289851216,52179.41,10.0
KENNETH,CAMPBELL,PTMO VIVIENDA,VIVIENDA PREFERENCIAL,616390781,217405.91,4.91
KAREN,MYERS,PTMO VIVIENDA,VIVIENDA PREFERENCIAL,966066213,401547.78,3.12
LEON,ORTIZ,PTMO VIVIENDA,PRIMERA VIVIENDA,497568859,181033.77,4.0
NICOLE,LUCAS,PTMO AUTO,AUTO SUV,192955783,4692.26,7.0
CHRISTINA,BROWNING,PTMO PERSONAL,PTMO PERSONAL,688487403,24748.78,13.0
ERIC,SIMPSON,PTMO AUTO,FLOTA COMERCIAL,77244420,12216.44,10.0
ELIZABETH,PARKER,PTMO AUTO,AUTO 4X4,7252798,9183.61,11.0
LUIS,COLLINS,PTMO AUTO,AUTO SEDAN,721799822,8379.73,7.0
MATTHEW,DAVENPORT,PTMO AUTO,AUTO 4X4,85603829,6733.43,10.0
ERICA,DAVIES,PTMO VIVIENDA,VIVIENDA PREFERENCIAL,877181838,214320.16,4.92
CODY,SANCHEZ,PTMO VIVIENDA,PRIMERA VIVIENDA,995510385,143482.85,4.0
RICHARD,OBRIEN,PTMO AUTO,AUTO 4X4,755874229,4588.54,9.0
JASON,LUCAS,PTMO PERSONAL,PTMO PERSONAL,983647002,32838.5,13.0
GARY,ALLEN,PTMO AUTO,AUTO 4X4,659651391,15159.33,10.0
JAMES,GOMEZ,PTMO VIVIENDA,VIVIENDA PREFERENCIAL,68014959,5075.98,4.0
MINDY,MILLER,PTMO PERSONAL,PTMO PERSONAL,755424634,80214.52,13.0
TOM,WEBB,PTMO AUTO,AUTO 4X4,771047972,1096.72,10.0
MICHAEL,SANCHEZ,PTMO VIVIENDA,PRIMERA VIVIENDA,613713606,108424.62,6.0
PETER,IBARRA,PTMO VIVIENDA,PRIMERA VIVIENDA,740846815,57600.42,4.0
GERALD,DAY,PTMO PERSONAL,PTMO PERSONAL,71855955,83754.54,15.0
TARA,JOHNS,PTMO AUTO,AUTO SUV,811308426,8271.9,9.0
ANDREW,CRUZ,PTMO VIVIENDA,PRIMERA VIVIENDA,916910448,77755.9,6.0
MEREDITH,SMITH,PTMO PERSONAL,PTMO PERSONAL,804285541,89715.74,9.0
RONALD,TAYLOR,PTMO VIVIENDA,CASA DE PLAYA,931350494,66378.93,9.0
DIANA,RODRIGUEZ,PTMO VIVIENDA,PRIMERA VIVIENDA,376932785,557746.59,5.0
MELISSA,DIAZ,PTMO VIVIENDA,CASA DE PLAYA,35119226,173948.46,8.0
JILL,CASTRO,PTMO VIVIENDA,CASA DE PLAYA,897978385,48327.75,7.0
SAMANTHA,PETERS,PTMO AUTO,AUTO SEDAN,182158493,8382.53,7.0
SHARON,JOHNSON,PTMO AUTO,AUTO SUV,96849256,17378.45,7.0
MAURICE,LARA,PTMO PERSONAL,PTMO PERSONAL,444212708,109307.29,14.0
CARRIE,JOHNSON,PTMO PERSONAL,PTMO PERSONAL,411006444,62689.09,12.0
NICOLE,WALTON,PTMO VIVIENDA,CASA DE PLAYA,172408833,369599.64,9.0
JILL,HALL,PTMO AUTO,AUTO SUV,924552453,12060.89,8.0
TERESA,KLEIN,PTMO AUTO,AUTO SUV,49236880,18431.87,7.0
TRAVIS,BARNES,PTMO AUTO,FLOTA COMERCIAL,498564600,9858.56,10.0
JORGE,FISHER,PTMO VIVIENDA,VIVIENDA PREFERENCIAL,75580034,275028.86,2.61
ROBERT,HERNANDEZ,PTMO VIVIENDA,VIVIENDA PREFERENCIAL,19458585,298298.43,3.02
JOHN,RUSSELL,PTMO PERSONAL,PTMO PERSONAL,863906822,7114.32,12.0
DEREK,FLETCHER,PTMO AUTO,AUTO 4X4,929258700,3472.3,10.0
ANDREW,RAYMOND,PTMO PERSONAL,PTMO PERSONAL,874681601,90507.14,15.0
KYLE,PITTMAN,PTMO VIVIENDA,CASA DE PLAYA,822193096,43085.97,9.0
TARA,BROWN,PTMO AUTO,FLOTA COMERCIAL,521232492,12223.85,12.0
JESSICA,MORENO,PTMO AUTO,AUTO SEDAN,868716486,9104.46,8.0
JOSHUA,MATHIS,PTMO VIVIENDA,VIVIENDA PREFERENCIAL,101714981,150186.29,3.96
ALICIA,BRADLEY,PTMO AUTO,AUTO SUV,473998429,15093.81,7.0
DAVID,CLINE,PTMO VIVIENDA,PRIMERA VIVIENDA,588637612,342672.5,4.0
ALEX,YODER,PTMO PERSONAL,PTMO PERSONAL,479340218,34134.45,10.0
JENNIFER,KENNEDY,PTMO PERSONAL,PTMO PERSONAL,892534687,36299.83,11.0
ERIC,BENITEZ,PTMO VIVIENDA,VIVIENDA PREFERENCIAL,785271261,166445.66,2.82
ROSE,HEATH,PTMO VIVIENDA,VIVIENDA PREFERENCIAL,849380621,37160.69,4.71
BRIAN,JOHNSON,PTMO VIVIENDA,VIVIENDA PREFERENCIAL,869044950,9169.14,4.74
PETER,SANTOS,PTMO VIVIENDA,PRIMERA VIVIENDA,332546054,345843.05,6.0
ELIZABETH,TAYLOR,PTMO VIVIENDA,CASA DE PLAYA,51697899,38210.24,9.0
KRYSTAL,BRIGHT,PTMO AUTO,AUTO SUV,623880029,1536.51,7.0
ELIZABETH,GONZALEZ,PTMO VIVIENDA,PRIMERA VIVIENDA,495888365,369821.04,4.0
ALEXANDRA,SMITH,PTMO PERSONAL,PTMO PERSONAL,118900068,62423.14,12.0
ROBIN,ROBERTS,PTMO PERSONAL,PTMO PERSONAL,280362743,23816.66,10.0
SYDNEY,LEWIS,PTMO VIVIENDA,CASA DE PLAYA,726624115,293734.1,9.0
AMANDA,SMITH,PTMO AUTO,AUTO 4X4,486130679,7906.74,10.0
ANNETTE,CLAY,PTMO PERSONAL,PTMO PERSONAL,98248134,143844.03,11.0
AARON,WHITE,PTMO PERSONAL,PTMO PERSONAL,944302841,45922.83,11.0
ROBERT,JUAREZ,PTMO AUTO,FLOTA COMERCIAL,276966236,7953.18,12.0
CHRISTINA,BOWMAN,PTMO AUTO,AUTO SUV,60579636,5254.19,9.0
RICHARD,RIVAS,PTMO VIVIENDA,CASA DE PLAYA,818618981,376698.06,9.0
JOHN,BRADLEY,PTMO AUTO,AUTO 4X4,261151503,1311.69,11.0
TREVOR,BARNES,PTMO AUTO,FLOTA COMERCIAL,227635568,9605.13,14.0
KIMBERLY,MAXWELL,PTMO AUTO,FLOTA COMERCIAL,747494895,9656.16,14.0
TINA,PHAM,PTMO PERSONAL,PTMO PERSONAL,849970555,4407.12,11.0
MICHAEL,OCONNELL,PTMO VIVIENDA,CASA DE PLAYA,574613285,257547.16,9.0
SUSAN,BYRD,PTMO VIVIENDA,CASA DE PLAYA,819428949,69186.01,7.0
MANDY,FREDERICK,PTMO PERSONAL,PTMO PERSONAL,85095405,84330.09,10.0
TIMOTHY,LAMBERT,PTMO AUTO,AUTO 4X4,679194967,10032.69,9.0
JOSHUA,SHAW,PTMO VIVIENDA,PRIMERA VIVIENDA,39220059,384967.24,6.0
JESUS,JENKINS,PTMO AUTO,AUTO 4X4,812682528,11199.2,10.0
CHARLES,VILLARREAL,PTMO PERSONAL,PTMO PERSONAL,161574006,130898.48,13.0
SUSAN,BRENNAN,PTMO PERSONAL,PTMO PERSONAL,150822365,81050.91,14.0
MARIA,BROWN,PTMO AUTO,AUTO SEDAN,457254177,3913.96,8.0
APRIL,LOVE,PTMO AUTO,AUTO SEDAN,214304357,3399.66,8.0
ERIC,THOMPSON,PTMO AUTO,AUTO SUV,384138436,2160.96,9.0
SARAH,JACKSON,PTMO PERSONAL,PTMO PERSONAL,5109914,67641.57,13.0
VICTOR,CURRY,PTMO VIVIENDA,CASA DE PLAYA,82645240,234892.16,8.0
KELLY,DAVIS,PTMO AUTO,AUTO SEDAN,417781436,7723.25,8.0
JASON,WHITE,PTMO AUTO,FLOTA COMERCIAL,103246939,7247.63,15.0
MICHAEL,SMITH,PTMO PERSONAL,PTMO PERSONAL,402964147,32002.2,11.0
RUBEN,SANCHEZ,PTMO VIVIENDA,CASA DE PLAYA,291107941,220198.78,7.0
JOHN,THOMPSON,PTMO AUTO,AUTO 4X4,611208495,4198.04,12.0
ISAAC,KENNEDY,PTMO AUTO,AUTO SUV,939071487,10218.8,8.0
ALEXANDRIA,WILSON,PTMO PERSONAL,PTMO PERSONAL,739121698,66746.53,14.0
SAMUEL,FREEMAN,PTMO VIVIENDA,PRIMERA VIVIENDA,824519785,249052.2,5.0
DONALD,SAUNDERS,PTMO PERSONAL,PTMO PERSONAL,974090516,110256.79,12.0
MICHELLE,FITZPATRICK,PTMO PERSONAL,PTMO PERSONAL,950072910,67102.51,12.0
STEPHEN,ARROYO,PTMO AUTO,AUTO SUV,135187695,4549.01,7.0
ASHLEY,BERG,PTMO AUTO,AUTO SUV,129503261,4923.69,9.0
KEVIN,COOKE,PTMO VIVIENDA,PRIMERA VIVIENDA,180395221,640219.61,5.0
HALEY,EATON,PTMO AUTO,FLOTA COMERCIAL,414192258,12821.94,14.0
JOHNNY,FRANCIS,PTMO PERSONAL,PTMO PERSONAL,971631777,98866.53,14.0
STEPHANIE,MCGEE,PTMO AUTO,FLOTA COMERCIAL,500950643,5008.12,9.0
DESTINY,HAWKINS,PTMO VIVIENDA,PRIMERA VIVIENDA,188394099,55719.6,5.0
APRIL,THOMAS,PTMO PERSONAL,PTMO PERSONAL,581692506,55327.07,12.0
SABRINA,HOLT,PTMO PERSONAL,PTMO PERSONAL,662825331,29329.92,12.0
DANIEL,THOMPSON,PTMO AUTO,AUTO SUV,153220863,6753.09,7.0
MICHAEL,HILL,PTMO AUTO,AUTO SUV,243045214,8858.08,8.0
GEORGE,GARCIA,PTMO AUTO,FLOTA COMERCIAL,239664883,8735.67,10.0
HEATHER,TAYLOR,PTMO PERSONAL,PTMO PERSONAL,786555004,84123.1,10.0
DEANNA,HAYES,PTMO VIVIENDA,VIVIENDA PREFERENCIAL,578209657,99614.22,5.56
AMY,HOLLOWAY,PTMO AUTO,AUTO 4X4,69043648,5999.0,8.0
MORGAN,NGUYEN,PTMO AUTO,FLOTA COMERCIAL,387818404,7435.2,15.0
MATTHEW,BROOKS,PTMO AUTO,AUTO 4X4,929691461,15777.88,11.0
NICOLE,THOMPSON,PTMO PERSONAL,PTMO PERSONAL,816559291,58440.33,15.0
ANDRE,FARRELL,PTMO PERSONAL,PTMO PERSONAL,375766036,52163.93,15.0
COURTNEY,MORA,PTMO PERSONAL,PTMO PERSONAL,946686252,54642.46,12.0
CAROLYN,ROGERS,PTMO AUTO,AUTO 4X4,254388189,8930.41,11.0
JOEL,DICKSON,PTMO PERSONAL,PTMO PERSONAL,918833876,63270.73,10.0
KATHLEEN,DIAZ,PTMO PERSONAL,PTMO PERSONAL,676877240,17867.34,12.0
JOSEPH,KELLY,PTMO PERSONAL,PTMO PERSONAL,281376049,108562.67,11.0
ANDREW,JOHNSON,PTMO AUTO,AUTO SUV,27270166,10135.98,8.0
RHONDA,MORGAN,PTMO AUTO,FLOTA COMERCIAL,533773770,2065.56,11.0
EDWARD,SMITH,PTMO AUTO,AUTO 4X4,24226898,13345.54,9.0
RICHARD,TAYLOR,PTMO PERSONAL,PTMO PERSONAL,539324169,48942.7,11.0
MELISSA,BATES,PTMO PERSONAL,PTMO PERSONAL,47758343,31562.65,15.0
JACQUELINE,CASTRO,PTMO PERSONAL,PTMO PERSONAL,572566607,57528.04,10.0
CRAIG,CRUZ,PTMO VIVIENDA,VIVIENDA PREFERENCIAL,307898068,306077.28,4.99
WILLIAM,CASTANEDA,PTMO VIVIENDA,PRIMERA VIVIENDA,955501348,486808.32,5.0
MONICA,ROACH,PTMO AUTO,FLOTA COMERCIAL,272616180,9806.71,11.0
CHRISTOPHER,DONALDSON,PTMO AUTO,FLOTA COMERCIAL,634832671,12867.15,14.0
CHRISTOPHER,CRAIG,PTMO PERSONAL,PTMO PERSONAL,569784424,43317.0,14.0
JACQUELINE,LEONARD,PTMO VIVIENDA,VIVIENDA PREFERENCIAL,488240165,368644.73,5.45
TIMOTHY,HOLDEN,PTMO AUTO,FLOTA COMERCIAL,667646954,12974.02,15.0
DONNA,REYES,PTMO VIVIENDA,VIVIENDA PREFERENCIAL,732117928,300098.82,2.81
JOSEPH,JONES,PTMO AUTO,AUTO SUV,457265961,10054.51,7.0
LAUREN,PIERCE,PTMO PERSONAL,PTMO PERSONAL,480545935,31871.39,12.0
KENNETH,MYERS,PTMO AUTO,FLOTA COMERCIAL,635281700,3225.5,12.0
CYNTHIA,MARTIN,PTMO PERSONAL,PTMO PERSONAL,355874408,57428.43,14.0
CHRISTIAN,THOMAS,PTMO AUTO,AUTO 4X4,611586064,5413.21,10.0
GARY,BURNS,PTMO PERSONAL,PTMO PERSONAL,396671051,49734.05,11.0
DUSTIN,DOMINGUEZ,PTMO VIVIENDA,PRIMERA VIVIENDA,403204835,121799.11,5.0
JAMES,HOLT,PTMO AUTO,FLOTA COMERCIAL,881220100,7170.14,14.0
WALTER,HOWARD,PTMO PERSONAL,PTMO PERSONAL,658074459,99085.17,9.0
JASON,GARCIA,PTMO AUTO,FLOTA COMERCIAL,194034604,3469.86,12.0
JOSEPH,ROGERS,PTMO VIVIENDA,VIVIENDA PREFERENCIAL,906338538,323535.27,3.04
MARISSA,JAMES,PTMO VIVIENDA,PRIMERA VIVIENDA,469308177,198431.22,4.0
RYAN,GRIFFIN,PTMO VIVIENDA,CASA DE PLAYA,131272577,411686.96,10.0
JONATHAN,CASTANEDA,PTMO VIVIENDA,CASA DE PLAYA,712079713,353883.57,8.0
TERESA,BAKER,PTMO AUTO,AUTO 4X4,971468212,8523.35,11.0
LUKE,SINGH,PTMO VIVIENDA,PRIMERA VIVIENDA,922701634,303241.96,4.0
AMY,GREEN,PTMO AUTO,AUTO SEDAN,720020496,7330.88,8.0
SHANNON,SCHWARTZ,PTMO PERSONAL,PTMO PERSONAL,164886841,80610.3,15.0
PERRY,CASTILLO,PTMO VIVIENDA,CASA DE PLAYA,674788440,205716.19,8.0
ASHLEY,CRUZ,PTMO PERSONAL,PTMO PERSONAL,650576418,32509.33,14.0
JOSHUA,SCHWARTZ,PTMO VIVIENDA,VIVIENDA PREFERENCIAL,709156755,138952.61,3.01
ASHLEY,MILLER,PTMO PERSONAL,PTMO PERSONAL,290135459,106109.95,10.0
JOSEPH,JOHNSON,PTMO VIVIENDA,VIVIENDA PREFERENCIAL,821851128,298065.01,5.69
GREGORY,FERRELL,PTMO AUTO,FLOTA COMERCIAL,84447099,4250.68,11.0
REBECCA,SWEENEY,PTMO AUTO,FLOTA COMERCIAL,492962596,11961.12,12.0
TIMOTHY,BAILEY,PTMO PERSONAL,PTMO PERSONAL,533767713,69061.73,13.0
ALICIA,BRADY,PTMO VIVIENDA,VIVIENDA PREFERENCIAL,775077040,44314.07,3.42
SHAWN,MULLEN,PTMO AUTO,AUTO 4X4,512703704,1837.69,11.0
BRITTANY,RYAN,PTMO AUTO,FLOTA COMERCIAL,595790077,4414.68,10.0
DONNA,HAMPTON,PTMO AUTO,AUTO SEDAN,397130343,14380.94,8.0
VANESSA,OSBORN,PTMO PERSONAL,PTMO PERSONAL,686161070,74429.28,15.0
GABRIEL,GREENE,PTMO VIVIENDA,PRIMERA VIVIENDA,387680090,315767.19,4.0
CHRISTOPHER,THOMPSON,PTMO PERSONAL,PTMO PERSONAL,196135671,54915.22,11.0
BRANDON,MOORE,PTMO PERSONAL,PTMO PERSONAL,69604751,48189.31,11.0
CHELSEA,WILSON,PTMO VIVIENDA,CASA DE PLAYA,531390839,327075.52,8.0
MATTHEW,MORROW,PTMO AUTO,AUTO SUV,677480153,10387.02,7.0
DARRELL,CALLAHAN,PTMO AUTO,AUTO 4X4,874343845,10878.12,9.0
JASMINE,JOHNSON,PTMO AUTO,FLOTA COMERCIAL,583538521,397.77,9.0
DONALD,HENDERSON,PTMO AUTO,AUTO SEDAN,382145107,12309.64,9.0
DAWN,ELLIS,PTMO VIVIENDA,VIVIENDA PREFERENCIAL,176194740,187792.24,3.47
ALEXIS,ELLIOTT,PTMO VIVIENDA,CASA DE PLAYA,677669146,230115.93,9.0
CHRISTOPHER,CUNNINGHAM,PTMO AUTO,FLOTA COMERCIAL,452625217,9957.85,11.0
CRAIG,BOONE,PTMO PERSONAL,PTMO PERSONAL,316167396,45915.54,14.0
ANGELA,EDWARDS,PTMO PERSONAL,PTMO PERSONAL,775156445,78077.0,11.0
THERESA,WILLIAMS,PTMO PERSONAL,PTMO PERSONAL,126111021,16421.47,14.0
CRYSTAL,JOHNSON,PTMO PERSONAL,PTMO PERSONAL,122699255,19374.2,15.0
CHARLES,BUCKLEY,PTMO VIVIENDA,CASA DE PLAYA,147263209,74981.7,8.0
KIMBERLY,HOLMES,PTMO VIVIENDA,VIVIENDA PREFERENCIAL,826695828,211561.67,2.9
JUSTIN,MATTHEWS,PTMO PERSONAL,PTMO PERSONAL,226794672,20111.69,11.0
HOLLY,JACKSON,PTMO AUTO,FLOTA COMERCIAL,75046547,1136.13,12.0
JOHN,BARNES,PTMO PERSONAL,PTMO PERSONAL,959844659,115248.18,12.0
LAUREN,VANCE,PTMO VIVIENDA,CASA DE PLAYA,923031061,85646.06,9.0
RICKY,GARCIA,PTMO PERSONAL,PTMO PERSONAL,562811859,90529.24,12.0
MEGAN,GARDNER,PTMO AUTO,AUTO SEDAN,73991794,9901.65,7.0
CHERYL,DUKE,PTMO PERSONAL,PTMO PERSONAL,882251068,83586.2,11.0
DAVID,NELSON,PTMO PERSONAL,PTMO PERSONAL,659687765,84302.1,13.0
MONICA,BROOKS,PTMO AUTO,AUTO SUV,242518473,1230.78,8.0
JOANNA,JOHNSON,PTMO PERSONAL,PTMO PERSONAL,177574552,49685.57,11.0
GERALD,WILLIAMS,PTMO AUTO,AUTO SUV,671561688,6429.8,8.0
THOMAS,DELACRUZ,PTMO AUTO,AUTO SUV,411202902,10446.28,7.0
HALEY,MITCHELL,PTMO PERSONAL,PTMO PERSONAL,198173131,61634.62,9.0
PATRICIA,ALVAREZ,PTMO PERSONAL,PTMO PERSONAL,26409624,72193.68,14.0
SYDNEY,MAY,PTMO PERSONAL,PTMO PERSONAL,542660665,147457.64,13.0
EDDIE,WHITAKER,PTMO VIVIENDA,VIVIENDA PREFERENCIAL,211995895,331121.88,2.63
BRANDON,BARRY,PTMO AUTO,AUTO SEDAN,795923289,2169.59,8.0
SUSAN,MENDOZA,PTMO VIVIENDA,VIVIENDA PREFERENCIAL,483872915,177339.52,5.35
ERIC,DUNN,PTMO VIVIENDA,VIVIENDA PREFERENCIAL,732139203,105726.11,2.76
STEPHANIE,PERRY,PTMO PERSONAL,PTMO PERSONAL,461828310,86729.51,9.0
KATHY,SAMPSON,PTMO PERSONAL,PTMO PERSONAL,534297821,27990.39,12.0
ABIGAIL,KELLY,PTMO AUTO,FLOTA COMERCIAL,2401209,6171.05,12.0
NATASHA,DOYLE,PTMO VIVIENDA,CASA DE PLAYA,331884341,194791.37,8.0
JEFFREY,MCDONALD,PTMO PERSONAL,PTMO PERSONAL,248612293,82852.44,10.0
